{"count_acc": 0.30982367758186397, "exist_acc": 0.7394957983193278, "program_acc": 0.0, "overall_acc": 0.513262599469496}